Control,Light,Moderate,Extreme,Mod x2
1.809290954,1.210597383,1.45935691,1.525440409,1.05
1.894857445,0.91451675,1.360297452,1.711921632,1.15
2.187039414,0.776472872,1.305178763,1.25,1.045826203
1.96396131,0.743114579,1.445473526,1.478674738,1.133436373
1.62458225,1.059378145,1.40184657,1.156657722,0.84396099
1.542391671,1.034777523,1.331557923,1.3,1.415877356
